No,Tren_Harga,Broker_Summary,Volume_Transaksi,Status_Orderbook,Keputusan
1,Sideways,Akumulasi,Tinggi,Kuat Offer,Buy
2,Uptrend,Akumulasi,Tinggi,Kuat Bid,Buy
3,Sideways,Netral,Tinggi,Kuat Offer,Wait
4,Uptrend,Akumulasi,Tinggi,Kuat Bid,Buy
5,Uptrend,Netral,Tinggi,Kuat Bid,Buy
6,Sideways,Netral,Rendah,Kuat Bid,Wait
7,Downtrend,Netral,Rendah,Kuat Bid,Wait
8,Uptrend,Netral,Rendah,Kuat Offer,Wait
9,Downtrend,Akumulasi,Tinggi,Kuat Offer,Buy
10,Uptrend,Akumulasi,Rendah,Kuat Bid,Buy
11,Downtrend,Distribusi,Rendah,Kuat Bid,Wait
12,Sideways,Distribusi,Tinggi,Kuat Offer,Wait
13,Uptrend,Netral,Rendah,Kuat Offer,Wait
14,Sideways,Akumulasi,Tinggi,Kuat Bid,Buy
15,Sideways,Akumulasi,Rendah,Kuat Bid,Buy
16,Uptrend,Akumulasi,Rendah,Kuat Offer,Buy
17,Downtrend,Netral,Rendah,Kuat Bid,Wait
18,Downtrend,Distribusi,Tinggi,Kuat Offer,Wait
19,Sideways,Netral,Tinggi,Kuat Bid,Buy
20,Sideways,Netral,Tinggi,Kuat Bid,Buy
21,Downtrend,Distribusi,Rendah,Kuat Bid,Wait
22,Sideways,Distribusi,Tinggi,Kuat Bid,Buy
23,Uptrend,Distribusi,Rendah,Kuat Offer,Wait
24,Uptrend,Akumulasi,Rendah,Kuat Bid,Buy
25,Sideways,Distribusi,Rendah,Kuat Offer,Wait
26,Uptrend,Distribusi,Tinggi,Kuat Bid,Buy
27,Sideways,Netral,Rendah,Kuat Offer,Wait
28,Sideways,Distribusi,Rendah,Kuat Bid,Wait
29,Uptrend,Netral,Rendah,Kuat Bid,Buy
30,Uptrend,Akumulasi,Tinggi,Kuat Bid,Buy
31,Sideways,Distribusi,Tinggi,Kuat Offer,Wait
32,Downtrend,Netral,Rendah,Kuat Offer,Wait
33,Sideways,Akumulasi,Tinggi,Kuat Offer,Buy
34,Sideways,Distribusi,Tinggi,Kuat Offer,Wait
35,Downtrend,Akumulasi,Rendah,Kuat Bid,Buy
36,Sideways,Netral,Rendah,Kuat Bid,Wait
37,Sideways,Akumulasi,Rendah,Kuat Bid,Buy
38,Uptrend,Distribusi,Tinggi,Kuat Bid,Buy
39,Sideways,Distribusi,Rendah,Kuat Bid,Wait
40,Uptrend,Distribusi,Rendah,Kuat Bid,Buy
41,Uptrend,Akumulasi,Tinggi,Kuat Bid,Buy
42,Sideways,Distribusi,Tinggi,Kuat Bid,Buy
43,Uptrend,Netral,Rendah,Kuat Bid,Buy
44,Downtrend,Netral,Rendah,Kuat Bid,Wait
45,Sideways,Netral,Tinggi,Kuat Offer,Wait
46,Downtrend,Netral,Rendah,Kuat Offer,Wait
47,Sideways,Distribusi,Tinggi,Kuat Bid,Buy
48,Uptrend,Akumulasi,Rendah,Kuat Bid,Buy
49,Sideways,Netral,Tinggi,Kuat Bid,Buy
50,Uptrend,Akumulasi,Tinggi,Kuat Bid,Buy
51,Uptrend,Distribusi,Rendah,Kuat Bid,Buy
52,Sideways,Distribusi,Rendah,Kuat Offer,Wait
53,Sideways,Akumulasi,Tinggi,Kuat Bid,Buy
54,Sideways,Distribusi,Rendah,Kuat Bid,Wait
55,Sideways,Netral,Tinggi,Kuat Offer,Wait
56,Uptrend,Distribusi,Tinggi,Kuat Bid,Buy
57,Uptrend,Akumulasi,Rendah,Kuat Offer,Buy
58,Sideways,Distribusi,Tinggi,Kuat Offer,Wait
59,Downtrend,Netral,Rendah,Kuat Offer,Wait
60,Uptrend,Netral,Tinggi,Kuat Bid,Buy
61,Uptrend,Netral,Rendah,Kuat Bid,Buy
62,Sideways,Akumulasi,Tinggi,Kuat Bid,Buy
63,Uptrend,Netral,Tinggi,Kuat Offer,Buy
64,Sideways,Distribusi,Tinggi,Kuat Bid,Buy
65,Sideways,Akumulasi,Rendah,Kuat Offer,Wait
66,Sideways,Netral,Rendah,Kuat Offer,Wait
67,Downtrend,Distribusi,Tinggi,Kuat Bid,Buy
68,Downtrend,Netral,Rendah,Kuat Offer,Wait
69,Uptrend,Netral,Rendah,Kuat Offer,Wait
70,Sideways,Distribusi,Tinggi,Kuat Bid,Buy
71,Sideways,Netral,Rendah,Kuat Bid,Wait
72,Uptrend,Distribusi,Tinggi,Kuat Bid,Buy
73,Sideways,Akumulasi,Rendah,Kuat Bid,Buy
74,Sideways,Netral,Rendah,Kuat Offer,Wait
75,Downtrend,Akumulasi,Tinggi,Kuat Offer,Buy
76,Uptrend,Netral,Tinggi,Kuat Bid,Buy
77,Uptrend,Distribusi,Tinggi,Kuat Offer,Buy
78,Sideways,Netral,Tinggi,Kuat Offer,Wait
79,Sideways,Akumulasi,Rendah,Kuat Bid,Buy
80,Uptrend,Distribusi,Tinggi,Kuat Bid,Buy
81,Uptrend,Akumulasi,Tinggi,Kuat Bid,Buy
82,Uptrend,Akumulasi,Tinggi,Kuat Bid,Buy
83,Downtrend,Akumulasi,Rendah,Kuat Bid,Buy
84,Sideways,Distribusi,Rendah,Kuat Offer,Wait
85,Downtrend,Netral,Rendah,Kuat Bid,Wait
86,Sideways,Netral,Rendah,Kuat Offer,Wait
87,Uptrend,Akumulasi,Rendah,Kuat Bid,Buy
88,Sideways,Distribusi,Rendah,Kuat Offer,Wait
89,Sideways,Akumulasi,Tinggi,Kuat Bid,Buy
90,Uptrend,Distribusi,Rendah,Kuat Bid,Buy
91,Downtrend,Distribusi,Tinggi,Kuat Bid,Buy
92,Sideways,Distribusi,Tinggi,Kuat Offer,Wait
93,Uptrend,Netral,Tinggi,Kuat Bid,Buy
94,Downtrend,Netral,Tinggi,Kuat Bid,Buy
95,Sideways,Distribusi,Rendah,Kuat Offer,Wait
96,Uptrend,Netral,Tinggi,Kuat Bid,Buy
97,Uptrend,Netral,Rendah,Kuat Bid,Buy
98,Uptrend,Netral,Tinggi,Kuat Bid,Buy
99,Sideways,Distribusi,Rendah,Kuat Bid,Wait
100,Downtrend,Distribusi,Rendah,Kuat Bid,Wait
101,Uptrend,Akumulasi,Rendah,Kuat Bid,Buy
102,Sideways,Distribusi,Tinggi,Kuat Offer,Wait
103,Sideways,Netral,Tinggi,Kuat Offer,Wait
104,Uptrend,Akumulasi,Tinggi,Kuat Bid,Buy
105,Downtrend,Distribusi,Rendah,Kuat Offer,Wait
106,Uptrend,Akumulasi,Tinggi,Kuat Offer,Buy
107,Downtrend,Akumulasi,Tinggi,Kuat Offer,Buy
108,Uptrend,Netral,Tinggi,Kuat Offer,Buy
109,Sideways,Netral,Tinggi,Kuat Bid,Buy
110,Uptrend,Netral,Tinggi,Kuat Bid,Buy
111,Downtrend,Netral,Rendah,Kuat Bid,Wait
112,Sideways,Distribusi,Rendah,Kuat Bid,Wait
113,Sideways,Distribusi,Rendah,Kuat Bid,Wait
114,Sideways,Distribusi,Tinggi,Kuat Bid,Buy
115,Uptrend,Akumulasi,Tinggi,Kuat Bid,Buy
116,Uptrend,Distribusi,Tinggi,Kuat Offer,Buy
117,Downtrend,Netral,Rendah,Kuat Bid,Wait
118,Downtrend,Akumulasi,Rendah,Kuat Bid,Buy
119,Sideways,Netral,Tinggi,Kuat Bid,Buy
120,Uptrend,Netral,Tinggi,Kuat Offer,Buy
121,Sideways,Akumulasi,Tinggi,Kuat Bid,Buy
122,Downtrend,Distribusi,Tinggi,Kuat Offer,Wait
123,Uptrend,Distribusi,Rendah,Kuat Offer,Wait
124,Sideways,Akumulasi,Rendah,Kuat Bid,Buy
125,Uptrend,Distribusi,Tinggi,Kuat Bid,Buy
126,Sideways,Distribusi,Tinggi,Kuat Bid,Buy
127,Downtrend,Netral,Tinggi,Kuat Offer,Wait
128,Downtrend,Akumulasi,Tinggi,Kuat Offer,Buy
129,Uptrend,Akumulasi,Tinggi,Kuat Offer,Buy
130,Sideways,Netral,Tinggi,Kuat Offer,Wait
131,Downtrend,Akumulasi,Tinggi,Kuat Offer,Buy
132,Uptrend,Distribusi,Rendah,Kuat Bid,Buy
133,Uptrend,Distribusi,Tinggi,Kuat Bid,Buy
134,Downtrend,Distribusi,Tinggi,Kuat Offer,Wait
135,Downtrend,Distribusi,Rendah,Kuat Offer,Wait
136,Uptrend,Netral,Rendah,Kuat Bid,Buy
137,Sideways,Akumulasi,Tinggi,Kuat Offer,Buy
138,Uptrend,Netral,Rendah,Kuat Bid,Buy
139,Uptrend,Netral,Rendah,Kuat Offer,Wait
140,Uptrend,Netral,Tinggi,Kuat Offer,Buy
141,Uptrend,Distribusi,Rendah,Kuat Bid,Buy
142,Downtrend,Distribusi,Tinggi,Kuat Bid,Buy
143,Downtrend,Akumulasi,Rendah,Kuat Offer,Wait
144,Sideways,Netral,Rendah,Kuat Offer,Wait
145,Downtrend,Distribusi,Tinggi,Kuat Bid,Buy
146,Sideways,Akumulasi,Rendah,Kuat Offer,Wait
147,Downtrend,Netral,Rendah,Kuat Bid,Wait
148,Downtrend,Netral,Tinggi,Kuat Bid,Buy
149,Uptrend,Akumulasi,Tinggi,Kuat Bid,Buy
150,Uptrend,Netral,Rendah,Kuat Offer,Wait
151,Uptrend,Distribusi,Rendah,Kuat Bid,Buy
152,Sideways,Distribusi,Rendah,Kuat Offer,Wait
153,Sideways,Distribusi,Tinggi,Kuat Offer,Wait
154,Sideways,Netral,Tinggi,Kuat Offer,Wait
155,Downtrend,Akumulasi,Rendah,Kuat Offer,Wait
156,Uptrend,Akumulasi,Rendah,Kuat Bid,Buy
157,Sideways,Netral,Tinggi,Kuat Offer,Wait
158,Sideways,Distribusi,Rendah,Kuat Offer,Wait
159,Sideways,Netral,Tinggi,Kuat Offer,Wait
160,Sideways,Netral,Rendah,Kuat Bid,Wait
161,Uptrend,Akumulasi,Rendah,Kuat Bid,Buy
162,Sideways,Akumulasi,Rendah,Kuat Bid,Buy
163,Downtrend,Netral,Tinggi,Kuat Offer,Wait
164,Downtrend,Distribusi,Tinggi,Kuat Offer,Wait
165,Uptrend,Netral,Tinggi,Kuat Offer,Buy
166,Downtrend,Akumulasi,Rendah,Kuat Offer,Wait
167,Uptrend,Distribusi,Rendah,Kuat Bid,Buy
168,Downtrend,Distribusi,Tinggi,Kuat Offer,Wait
169,Uptrend,Akumulasi,Rendah,Kuat Offer,Buy
170,Uptrend,Akumulasi,Rendah,Kuat Bid,Buy
171,Sideways,Netral,Tinggi,Kuat Bid,Buy
172,Uptrend,Distribusi,Tinggi,Kuat Offer,Buy
173,Downtrend,Distribusi,Rendah,Kuat Offer,Wait
174,Downtrend,Netral,Rendah,Kuat Bid,Wait
175,Sideways,Netral,Tinggi,Kuat Bid,Buy
176,Sideways,Netral,Tinggi,Kuat Bid,Buy
177,Sideways,Distribusi,Rendah,Kuat Offer,Wait
178,Uptrend,Akumulasi,Tinggi,Kuat Bid,Buy
179,Uptrend,Netral,Rendah,Kuat Offer,Wait
180,Downtrend,Netral,Tinggi,Kuat Offer,Wait
181,Sideways,Netral,Rendah,Kuat Offer,Wait
182,Downtrend,Distribusi,Rendah,Kuat Bid,Wait
183,Downtrend,Akumulasi,Rendah,Kuat Bid,Buy
184,Downtrend,Netral,Tinggi,Kuat Offer,Wait
185,Sideways,Netral,Rendah,Kuat Offer,Wait
186,Downtrend,Distribusi,Tinggi,Kuat Offer,Wait
187,Sideways,Netral,Rendah,Kuat Offer,Wait
188,Uptrend,Akumulasi,Rendah,Kuat Bid,Buy
189,Sideways,Distribusi,Tinggi,Kuat Bid,Buy
190,Downtrend,Akumulasi,Tinggi,Kuat Bid,Buy
191,Sideways,Netral,Rendah,Kuat Offer,Wait
192,Uptrend,Distribusi,Tinggi,Kuat Offer,Buy
193,Sideways,Akumulasi,Rendah,Kuat Offer,Wait
194,Downtrend,Netral,Rendah,Kuat Offer,Wait
195,Downtrend,Akumulasi,Tinggi,Kuat Offer,Buy
196,Downtrend,Netral,Tinggi,Kuat Bid,Buy
197,Uptrend,Distribusi,Tinggi,Kuat Offer,Buy
198,Downtrend,Distribusi,Tinggi,Kuat Offer,Wait
199,Downtrend,Netral,Tinggi,Kuat Bid,Buy
200,Sideways,Akumulasi,Rendah,Kuat Offer,Wait
201,Downtrend,Distribusi,Rendah,Kuat Offer,Wait
202,Uptrend,Distribusi,Rendah,Kuat Offer,Wait
203,Downtrend,Distribusi,Rendah,Kuat Bid,Wait
204,Sideways,Netral,Rendah,Kuat Bid,Wait
205,Downtrend,Netral,Rendah,Kuat Offer,Wait
206,Downtrend,Distribusi,Tinggi,Kuat Bid,Buy
207,Sideways,Akumulasi,Tinggi,Kuat Bid,Buy
208,Downtrend,Akumulasi,Tinggi,Kuat Bid,Buy
209,Uptrend,Netral,Rendah,Kuat Offer,Wait
210,Sideways,Netral,Rendah,Kuat Bid,Wait
211,Downtrend,Akumulasi,Rendah,Kuat Offer,Wait
212,Sideways,Distribusi,Rendah,Kuat Offer,Wait
213,Sideways,Netral,Tinggi,Kuat Bid,Buy
214,Uptrend,Akumulasi,Rendah,Kuat Bid,Buy
215,Sideways,Distribusi,Tinggi,Kuat Bid,Buy
216,Sideways,Netral,Tinggi,Kuat Bid,Buy
217,Uptrend,Distribusi,Rendah,Kuat Bid,Buy
218,Downtrend,Akumulasi,Rendah,Kuat Bid,Buy
219,Downtrend,Akumulasi,Tinggi,Kuat Offer,Buy
220,Uptrend,Netral,Rendah,Kuat Offer,Wait
221,Sideways,Netral,Rendah,Kuat Bid,Wait
222,Uptrend,Netral,Rendah,Kuat Offer,Wait
223,Sideways,Netral,Rendah,Kuat Bid,Wait
224,Downtrend,Akumulasi,Rendah,Kuat Bid,Buy
225,Uptrend,Distribusi,Tinggi,Kuat Offer,Buy
226,Uptrend,Akumulasi,Rendah,Kuat Bid,Buy
227,Sideways,Netral,Tinggi,Kuat Offer,Wait
228,Uptrend,Akumulasi,Tinggi,Kuat Bid,Buy
229,Sideways,Distribusi,Tinggi,Kuat Offer,Wait
230,Sideways,Netral,Tinggi,Kuat Bid,Buy
231,Sideways,Distribusi,Rendah,Kuat Bid,Wait
232,Downtrend,Distribusi,Tinggi,Kuat Offer,Wait
233,Uptrend,Netral,Rendah,Kuat Offer,Wait
234,Sideways,Akumulasi,Tinggi,Kuat Offer,Buy
235,Downtrend,Akumulasi,Tinggi,Kuat Bid,Buy
236,Downtrend,Netral,Rendah,Kuat Bid,Wait
237,Downtrend,Akumulasi,Tinggi,Kuat Bid,Buy
238,Sideways,Akumulasi,Rendah,Kuat Bid,Buy
239,Downtrend,Netral,Rendah,Kuat Bid,Wait
240,Sideways,Akumulasi,Rendah,Kuat Bid,Buy
241,Sideways,Netral,Tinggi,Kuat Offer,Wait
242,Uptrend,Akumulasi,Rendah,Kuat Bid,Buy
243,Downtrend,Akumulasi,Rendah,Kuat Offer,Wait
244,Downtrend,Netral,Rendah,Kuat Offer,Wait
245,Sideways,Netral,Rendah,Kuat Offer,Wait
246,Uptrend,Distribusi,Rendah,Kuat Offer,Wait
247,Uptrend,Akumulasi,Tinggi,Kuat Bid,Buy
248,Sideways,Netral,Tinggi,Kuat Offer,Wait
249,Uptrend,Akumulasi,Rendah,Kuat Offer,Buy
250,Sideways,Netral,Tinggi,Kuat Offer,Wait
251,Downtrend,Netral,Rendah,Kuat Bid,Wait
252,Uptrend,Akumulasi,Rendah,Kuat Bid,Buy
253,Downtrend,Akumulasi,Rendah,Kuat Offer,Wait
254,Uptrend,Netral,Rendah,Kuat Bid,Buy
255,Sideways,Distribusi,Tinggi,Kuat Bid,Buy
256,Sideways,Distribusi,Tinggi,Kuat Bid,Buy
257,Sideways,Netral,Rendah,Kuat Bid,Wait
258,Uptrend,Netral,Tinggi,Kuat Offer,Buy
259,Sideways,Akumulasi,Rendah,Kuat Bid,Buy
260,Sideways,Netral,Rendah,Kuat Bid,Wait
261,Sideways,Akumulasi,Rendah,Kuat Offer,Wait
262,Downtrend,Akumulasi,Tinggi,Kuat Offer,Buy
263,Downtrend,Distribusi,Rendah,Kuat Offer,Wait
264,Downtrend,Netral,Rendah,Kuat Bid,Wait
265,Sideways,Akumulasi,Tinggi,Kuat Offer,Buy
266,Downtrend,Distribusi,Tinggi,Kuat Bid,Buy
267,Uptrend,Netral,Tinggi,Kuat Bid,Buy
268,Uptrend,Akumulasi,Tinggi,Kuat Bid,Buy
269,Sideways,Netral,Rendah,Kuat Offer,Wait
270,Sideways,Netral,Rendah,Kuat Offer,Wait
271,Uptrend,Netral,Rendah,Kuat Offer,Wait
272,Sideways,Akumulasi,Tinggi,Kuat Bid,Buy
273,Downtrend,Distribusi,Tinggi,Kuat Bid,Buy
274,Downtrend,Distribusi,Tinggi,Kuat Bid,Buy
275,Sideways,Distribusi,Tinggi,Kuat Bid,Buy
276,Downtrend,Netral,Rendah,Kuat Bid,Wait
277,Downtrend,Distribusi,Rendah,Kuat Bid,Wait
278,Downtrend,Distribusi,Rendah,Kuat Offer,Wait
279,Uptrend,Akumulasi,Rendah,Kuat Bid,Buy
280,Downtrend,Akumulasi,Rendah,Kuat Offer,Wait
281,Downtrend,Netral,Tinggi,Kuat Bid,Buy
282,Sideways,Netral,Rendah,Kuat Bid,Wait
283,Sideways,Akumulasi,Tinggi,Kuat Bid,Buy
284,Uptrend,Distribusi,Rendah,Kuat Offer,Wait
285,Sideways,Distribusi,Rendah,Kuat Bid,Wait
286,Downtrend,Netral,Rendah,Kuat Offer,Wait
287,Uptrend,Netral,Tinggi,Kuat Bid,Buy
288,Sideways,Akumulasi,Rendah,Kuat Bid,Buy
289,Uptrend,Akumulasi,Rendah,Kuat Bid,Buy
290,Sideways,Distribusi,Tinggi,Kuat Offer,Wait
291,Downtrend,Akumulasi,Tinggi,Kuat Bid,Buy
292,Sideways,Netral,Tinggi,Kuat Offer,Wait
293,Sideways,Distribusi,Tinggi,Kuat Offer,Wait
294,Uptrend,Netral,Rendah,Kuat Offer,Wait
295,Sideways,Netral,Rendah,Kuat Bid,Wait
296,Uptrend,Akumulasi,Tinggi,Kuat Offer,Buy
297,Sideways,Akumulasi,Tinggi,Kuat Bid,Buy
298,Downtrend,Akumulasi,Rendah,Kuat Bid,Buy
299,Uptrend,Netral,Rendah,Kuat Bid,Buy
300,Sideways,Distribusi,Rendah,Kuat Bid,Wait
301,Downtrend,Akumulasi,Tinggi,Kuat Bid,Buy
302,Uptrend,Akumulasi,Tinggi,Kuat Offer,Buy
303,Uptrend,Akumulasi,Rendah,Kuat Bid,Buy
304,Uptrend,Netral,Tinggi,Kuat Bid,Buy
305,Uptrend,Distribusi,Rendah,Kuat Bid,Buy
306,Downtrend,Netral,Tinggi,Kuat Bid,Buy
307,Uptrend,Akumulasi,Rendah,Kuat Bid,Buy
308,Uptrend,Netral,Rendah,Kuat Offer,Wait
309,Sideways,Netral,Tinggi,Kuat Offer,Wait
310,Uptrend,Akumulasi,Tinggi,Kuat Bid,Buy
311,Uptrend,Distribusi,Tinggi,Kuat Bid,Buy
312,Uptrend,Netral,Rendah,Kuat Offer,Wait
313,Downtrend,Netral,Rendah,Kuat Bid,Wait
314,Sideways,Netral,Tinggi,Kuat Offer,Wait
315,Sideways,Distribusi,Tinggi,Kuat Offer,Wait
316,Downtrend,Akumulasi,Tinggi,Kuat Offer,Buy
317,Sideways,Netral,Tinggi,Kuat Bid,Buy
318,Sideways,Akumulasi,Tinggi,Kuat Bid,Buy
319,Uptrend,Distribusi,Rendah,Kuat Bid,Buy
320,Uptrend,Akumulasi,Rendah,Kuat Offer,Buy
321,Sideways,Akumulasi,Tinggi,Kuat Offer,Buy
322,Sideways,Akumulasi,Tinggi,Kuat Offer,Buy
323,Uptrend,Netral,Rendah,Kuat Offer,Wait
324,Uptrend,Netral,Rendah,Kuat Offer,Wait
325,Downtrend,Netral,Tinggi,Kuat Offer,Wait
326,Downtrend,Akumulasi,Rendah,Kuat Offer,Wait
327,Downtrend,Netral,Rendah,Kuat Offer,Wait
328,Uptrend,Netral,Rendah,Kuat Offer,Wait
329,Downtrend,Netral,Rendah,Kuat Bid,Wait
330,Uptrend,Distribusi,Rendah,Kuat Offer,Wait
331,Downtrend,Akumulasi,Rendah,Kuat Bid,Buy
332,Uptrend,Distribusi,Rendah,Kuat Bid,Buy
333,Downtrend,Distribusi,Tinggi,Kuat Bid,Buy
334,Sideways,Akumulasi,Tinggi,Kuat Offer,Buy
335,Sideways,Akumulasi,Rendah,Kuat Offer,Wait
336,Uptrend,Netral,Rendah,Kuat Bid,Buy
337,Uptrend,Akumulasi,Rendah,Kuat Bid,Buy
338,Uptrend,Distribusi,Rendah,Kuat Offer,Wait
339,Uptrend,Netral,Tinggi,Kuat Offer,Buy
340,Downtrend,Netral,Rendah,Kuat Bid,Wait
341,Downtrend,Akumulasi,Tinggi,Kuat Bid,Buy
342,Uptrend,Akumulasi,Rendah,Kuat Bid,Buy
343,Downtrend,Distribusi,Tinggi,Kuat Bid,Buy
344,Uptrend,Netral,Tinggi,Kuat Offer,Buy
345,Sideways,Netral,Rendah,Kuat Offer,Wait
346,Uptrend,Netral,Rendah,Kuat Offer,Wait
347,Sideways,Distribusi,Rendah,Kuat Offer,Wait
348,Uptrend,Netral,Tinggi,Kuat Bid,Buy
349,Downtrend,Akumulasi,Rendah,Kuat Offer,Wait
350,Uptrend,Akumulasi,Rendah,Kuat Bid,Buy
351,Downtrend,Netral,Tinggi,Kuat Bid,Buy
352,Downtrend,Distribusi,Rendah,Kuat Bid,Wait
353,Uptrend,Akumulasi,Rendah,Kuat Offer,Buy
354,Sideways,Akumulasi,Tinggi,Kuat Bid,Buy
355,Downtrend,Netral,Rendah,Kuat Bid,Wait
356,Sideways,Akumulasi,Tinggi,Kuat Bid,Buy
357,Sideways,Netral,Rendah,Kuat Bid,Wait
358,Sideways,Akumulasi,Tinggi,Kuat Offer,Buy
359,Downtrend,Distribusi,Rendah,Kuat Bid,Wait
360,Uptrend,Netral,Rendah,Kuat Bid,Buy
361,Downtrend,Netral,Rendah,Kuat Bid,Wait
362,Downtrend,Netral,Rendah,Kuat Bid,Wait
363,Downtrend,Netral,Rendah,Kuat Offer,Wait
364,Downtrend,Distribusi,Rendah,Kuat Bid,Wait
365,Sideways,Distribusi,Tinggi,Kuat Offer,Wait
366,Downtrend,Distribusi,Rendah,Kuat Bid,Wait
367,Sideways,Netral,Tinggi,Kuat Offer,Wait
368,Uptrend,Distribusi,Tinggi,Kuat Bid,Buy
369,Uptrend,Netral,Rendah,Kuat Offer,Wait
370,Downtrend,Akumulasi,Tinggi,Kuat Bid,Buy
371,Sideways,Netral,Tinggi,Kuat Bid,Buy
372,Sideways,Netral,Tinggi,Kuat Offer,Wait
373,Sideways,Distribusi,Tinggi,Kuat Offer,Wait
374,Uptrend,Akumulasi,Rendah,Kuat Offer,Buy
375,Downtrend,Distribusi,Tinggi,Kuat Offer,Wait
376,Uptrend,Distribusi,Rendah,Kuat Bid,Buy
377,Sideways,Akumulasi,Rendah,Kuat Offer,Wait
378,Sideways,Akumulasi,Rendah,Kuat Bid,Buy
379,Uptrend,Distribusi,Tinggi,Kuat Bid,Buy
380,Downtrend,Akumulasi,Tinggi,Kuat Offer,Buy
381,Sideways,Netral,Tinggi,Kuat Bid,Buy
382,Downtrend,Distribusi,Tinggi,Kuat Offer,Wait
383,Uptrend,Netral,Tinggi,Kuat Bid,Buy
384,Uptrend,Akumulasi,Tinggi,Kuat Bid,Buy
385,Uptrend,Akumulasi,Rendah,Kuat Bid,Buy
386,Downtrend,Distribusi,Rendah,Kuat Bid,Wait
387,Uptrend,Netral,Tinggi,Kuat Bid,Buy
388,Downtrend,Akumulasi,Rendah,Kuat Bid,Buy
389,Uptrend,Distribusi,Rendah,Kuat Offer,Wait
390,Downtrend,Distribusi,Rendah,Kuat Bid,Wait
391,Downtrend,Distribusi,Rendah,Kuat Bid,Wait
392,Uptrend,Distribusi,Tinggi,Kuat Bid,Buy
393,Sideways,Akumulasi,Tinggi,Kuat Offer,Buy
394,Sideways,Netral,Rendah,Kuat Bid,Wait
395,Sideways,Netral,Rendah,Kuat Offer,Wait
396,Downtrend,Akumulasi,Tinggi,Kuat Offer,Buy
397,Sideways,Akumulasi,Tinggi,Kuat Offer,Buy
398,Sideways,Distribusi,Tinggi,Kuat Bid,Buy
399,Uptrend,Distribusi,Tinggi,Kuat Offer,Buy
400,Downtrend,Akumulasi,Tinggi,Kuat Offer,Buy
401,Downtrend,Akumulasi,Rendah,Kuat Offer,Wait
402,Sideways,Netral,Rendah,Kuat Bid,Wait
403,Sideways,Akumulasi,Tinggi,Kuat Bid,Buy
404,Downtrend,Distribusi,Rendah,Kuat Bid,Wait
405,Uptrend,Akumulasi,Rendah,Kuat Bid,Buy
406,Downtrend,Netral,Tinggi,Kuat Offer,Wait
407,Uptrend,Akumulasi,Rendah,Kuat Bid,Buy
408,Sideways,Netral,Tinggi,Kuat Bid,Buy
409,Sideways,Distribusi,Rendah,Kuat Offer,Wait
410,Sideways,Distribusi,Tinggi,Kuat Offer,Wait
411,Uptrend,Netral,Rendah,Kuat Bid,Buy
412,Sideways,Akumulasi,Rendah,Kuat Bid,Buy
413,Sideways,Netral,Tinggi,Kuat Bid,Buy
414,Sideways,Akumulasi,Rendah,Kuat Offer,Wait
415,Sideways,Distribusi,Tinggi,Kuat Offer,Wait
416,Downtrend,Akumulasi,Rendah,Kuat Offer,Wait
417,Uptrend,Netral,Rendah,Kuat Offer,Wait
418,Downtrend,Netral,Rendah,Kuat Bid,Wait
419,Sideways,Akumulasi,Rendah,Kuat Offer,Wait
420,Uptrend,Netral,Rendah,Kuat Bid,Buy
421,Sideways,Netral,Tinggi,Kuat Bid,Buy
422,Downtrend,Akumulasi,Tinggi,Kuat Bid,Buy
423,Sideways,Distribusi,Tinggi,Kuat Bid,Buy
424,Uptrend,Netral,Tinggi,Kuat Offer,Buy
425,Sideways,Distribusi,Rendah,Kuat Bid,Wait
426,Uptrend,Netral,Rendah,Kuat Bid,Buy
427,Uptrend,Akumulasi,Rendah,Kuat Offer,Buy
428,Sideways,Netral,Tinggi,Kuat Offer,Wait
429,Sideways,Distribusi,Tinggi,Kuat Bid,Buy
430,Uptrend,Netral,Rendah,Kuat Offer,Wait
431,Sideways,Netral,Rendah,Kuat Bid,Wait
432,Uptrend,Distribusi,Rendah,Kuat Offer,Wait
433,Downtrend,Distribusi,Tinggi,Kuat Offer,Wait
434,Uptrend,Netral,Rendah,Kuat Bid,Buy
435,Sideways,Netral,Rendah,Kuat Offer,Wait
436,Sideways,Netral,Tinggi,Kuat Offer,Wait
437,Downtrend,Akumulasi,Rendah,Kuat Offer,Wait
438,Uptrend,Netral,Tinggi,Kuat Bid,Buy
439,Downtrend,Akumulasi,Tinggi,Kuat Bid,Buy
440,Uptrend,Distribusi,Rendah,Kuat Bid,Buy
441,Sideways,Distribusi,Rendah,Kuat Offer,Wait
442,Downtrend,Akumulasi,Rendah,Kuat Bid,Buy
443,Uptrend,Netral,Tinggi,Kuat Bid,Buy
444,Downtrend,Netral,Tinggi,Kuat Offer,Wait
445,Sideways,Distribusi,Tinggi,Kuat Bid,Buy
446,Uptrend,Distribusi,Rendah,Kuat Offer,Wait
447,Uptrend,Akumulasi,Tinggi,Kuat Offer,Buy
448,Downtrend,Akumulasi,Rendah,Kuat Offer,Wait
449,Sideways,Netral,Tinggi,Kuat Bid,Buy
450,Sideways,Akumulasi,Tinggi,Kuat Bid,Buy
451,Uptrend,Netral,Tinggi,Kuat Bid,Buy
452,Downtrend,Distribusi,Tinggi,Kuat Bid,Buy
453,Uptrend,Distribusi,Rendah,Kuat Offer,Wait
454,Uptrend,Distribusi,Rendah,Kuat Offer,Wait
455,Uptrend,Distribusi,Rendah,Kuat Offer,Wait
456,Downtrend,Distribusi,Tinggi,Kuat Offer,Wait
457,Sideways,Netral,Tinggi,Kuat Offer,Wait
458,Downtrend,Netral,Rendah,Kuat Offer,Wait
459,Sideways,Netral,Rendah,Kuat Bid,Wait
460,Sideways,Netral,Rendah,Kuat Offer,Wait
461,Downtrend,Netral,Tinggi,Kuat Offer,Wait
462,Sideways,Distribusi,Rendah,Kuat Bid,Wait
463,Uptrend,Distribusi,Tinggi,Kuat Offer,Buy
464,Uptrend,Akumulasi,Rendah,Kuat Bid,Buy
465,Uptrend,Distribusi,Rendah,Kuat Bid,Buy
466,Downtrend,Distribusi,Rendah,Kuat Bid,Wait
467,Sideways,Netral,Tinggi,Kuat Bid,Buy
468,Downtrend,Distribusi,Tinggi,Kuat Offer,Wait
469,Downtrend,Distribusi,Tinggi,Kuat Bid,Buy
470,Sideways,Akumulasi,Tinggi,Kuat Bid,Buy
471,Sideways,Akumulasi,Rendah,Kuat Bid,Buy
472,Downtrend,Akumulasi,Tinggi,Kuat Bid,Buy
473,Downtrend,Netral,Rendah,Kuat Bid,Wait
474,Sideways,Distribusi,Tinggi,Kuat Bid,Buy
475,Sideways,Akumulasi,Rendah,Kuat Bid,Buy
476,Uptrend,Netral,Tinggi,Kuat Bid,Buy
477,Uptrend,Distribusi,Rendah,Kuat Offer,Wait
478,Uptrend,Akumulasi,Tinggi,Kuat Bid,Buy
479,Sideways,Netral,Tinggi,Kuat Offer,Wait
480,Uptrend,Distribusi,Rendah,Kuat Offer,Wait
481,Sideways,Distribusi,Rendah,Kuat Offer,Wait
482,Sideways,Akumulasi,Rendah,Kuat Bid,Buy
483,Downtrend,Netral,Rendah,Kuat Bid,Wait
484,Sideways,Netral,Tinggi,Kuat Bid,Buy
485,Uptrend,Distribusi,Rendah,Kuat Offer,Wait
486,Sideways,Netral,Tinggi,Kuat Bid,Buy
487,Uptrend,Akumulasi,Rendah,Kuat Bid,Buy
488,Uptrend,Akumulasi,Tinggi,Kuat Bid,Buy
489,Sideways,Netral,Tinggi,Kuat Offer,Wait
490,Sideways,Distribusi,Tinggi,Kuat Bid,Buy
491,Downtrend,Distribusi,Rendah,Kuat Offer,Wait
492,Sideways,Netral,Tinggi,Kuat Bid,Buy
493,Sideways,Akumulasi,Tinggi,Kuat Bid,Buy
494,Downtrend,Akumulasi,Rendah,Kuat Offer,Wait
495,Downtrend,Distribusi,Tinggi,Kuat Offer,Wait
496,Sideways,Netral,Tinggi,Kuat Bid,Buy
497,Downtrend,Distribusi,Tinggi,Kuat Offer,Wait
498,Downtrend,Akumulasi,Rendah,Kuat Offer,Wait
499,Uptrend,Akumulasi,Rendah,Kuat Bid,Buy
500,Downtrend,Netral,Tinggi,Kuat Offer,Wait
501,Uptrend,Netral,Tinggi,Kuat Offer,Buy
502,Sideways,Akumulasi,Tinggi,Kuat Offer,Buy
503,Sideways,Distribusi,Rendah,Kuat Bid,Wait
504,Downtrend,Akumulasi,Rendah,Kuat Offer,Wait
505,Downtrend,Akumulasi,Tinggi,Kuat Bid,Buy
506,Downtrend,Akumulasi,Rendah,Kuat Offer,Wait
507,Sideways,Netral,Tinggi,Kuat Offer,Wait
508,Uptrend,Netral,Rendah,Kuat Offer,Wait
509,Sideways,Distribusi,Rendah,Kuat Offer,Wait
510,Uptrend,Akumulasi,Tinggi,Kuat Bid,Buy
511,Downtrend,Distribusi,Rendah,Kuat Offer,Wait
512,Uptrend,Netral,Tinggi,Kuat Offer,Buy
513,Uptrend,Akumulasi,Tinggi,Kuat Bid,Buy
514,Uptrend,Netral,Rendah,Kuat Bid,Buy
515,Sideways,Distribusi,Tinggi,Kuat Offer,Wait
516,Sideways,Akumulasi,Tinggi,Kuat Offer,Buy
517,Sideways,Distribusi,Tinggi,Kuat Offer,Wait
518,Uptrend,Akumulasi,Rendah,Kuat Offer,Buy
519,Uptrend,Akumulasi,Tinggi,Kuat Offer,Buy
520,Uptrend,Distribusi,Rendah,Kuat Bid,Buy
521,Uptrend,Netral,Tinggi,Kuat Bid,Buy
522,Uptrend,Distribusi,Rendah,Kuat Offer,Wait
523,Sideways,Akumulasi,Rendah,Kuat Offer,Wait
524,Sideways,Netral,Rendah,Kuat Offer,Wait
525,Downtrend,Distribusi,Rendah,Kuat Offer,Wait
526,Uptrend,Akumulasi,Rendah,Kuat Offer,Buy
527,Uptrend,Akumulasi,Tinggi,Kuat Offer,Buy
528,Sideways,Distribusi,Tinggi,Kuat Offer,Wait
529,Uptrend,Netral,Rendah,Kuat Offer,Wait
530,Uptrend,Netral,Tinggi,Kuat Bid,Buy
531,Sideways,Akumulasi,Tinggi,Kuat Bid,Buy
532,Downtrend,Distribusi,Rendah,Kuat Offer,Wait
533,Downtrend,Akumulasi,Rendah,Kuat Bid,Buy
534,Uptrend,Netral,Tinggi,Kuat Offer,Buy
535,Sideways,Distribusi,Rendah,Kuat Offer,Wait
536,Sideways,Akumulasi,Rendah,Kuat Offer,Wait
537,Sideways,Netral,Tinggi,Kuat Offer,Wait
538,Sideways,Netral,Tinggi,Kuat Offer,Wait
539,Sideways,Netral,Rendah,Kuat Bid,Wait
540,Downtrend,Distribusi,Tinggi,Kuat Offer,Wait
541,Uptrend,Distribusi,Rendah,Kuat Offer,Wait
542,Downtrend,Distribusi,Rendah,Kuat Offer,Wait
543,Downtrend,Distribusi,Rendah,Kuat Offer,Wait
544,Sideways,Netral,Rendah,Kuat Bid,Wait
545,Sideways,Netral,Tinggi,Kuat Bid,Buy
546,Sideways,Distribusi,Tinggi,Kuat Offer,Wait
547,Sideways,Netral,Tinggi,Kuat Bid,Buy
548,Downtrend,Akumulasi,Tinggi,Kuat Offer,Buy
549,Uptrend,Akumulasi,Tinggi,Kuat Bid,Buy
550,Sideways,Netral,Rendah,Kuat Offer,Wait
551,Uptrend,Distribusi,Tinggi,Kuat Bid,Buy
552,Downtrend,Distribusi,Rendah,Kuat Bid,Wait
553,Downtrend,Netral,Rendah,Kuat Offer,Wait
554,Downtrend,Distribusi,Tinggi,Kuat Offer,Wait
555,Downtrend,Akumulasi,Rendah,Kuat Bid,Buy
556,Sideways,Distribusi,Rendah,Kuat Bid,Wait
557,Uptrend,Distribusi,Rendah,Kuat Offer,Wait
558,Downtrend,Akumulasi,Tinggi,Kuat Bid,Buy
559,Sideways,Distribusi,Rendah,Kuat Bid,Wait
560,Sideways,Akumulasi,Tinggi,Kuat Offer,Buy
561,Downtrend,Netral,Rendah,Kuat Bid,Wait
562,Uptrend,Netral,Tinggi,Kuat Bid,Buy
563,Downtrend,Akumulasi,Tinggi,Kuat Bid,Buy
564,Uptrend,Netral,Tinggi,Kuat Bid,Buy
565,Sideways,Netral,Rendah,Kuat Offer,Wait
566,Sideways,Akumulasi,Rendah,Kuat Bid,Buy
567,Sideways,Netral,Tinggi,Kuat Offer,Wait
568,Uptrend,Distribusi,Tinggi,Kuat Bid,Buy
569,Sideways,Akumulasi,Rendah,Kuat Bid,Buy
570,Uptrend,Distribusi,Tinggi,Kuat Offer,Buy
571,Uptrend,Netral,Tinggi,Kuat Offer,Buy
572,Sideways,Distribusi,Rendah,Kuat Offer,Wait
573,Sideways,Netral,Tinggi,Kuat Offer,Wait
574,Downtrend,Netral,Tinggi,Kuat Offer,Wait
575,Downtrend,Netral,Tinggi,Kuat Offer,Wait
576,Sideways,Akumulasi,Tinggi,Kuat Bid,Buy
577,Sideways,Akumulasi,Tinggi,Kuat Offer,Buy
578,Downtrend,Akumulasi,Tinggi,Kuat Offer,Buy
579,Downtrend,Netral,Rendah,Kuat Offer,Wait
580,Downtrend,Distribusi,Rendah,Kuat Bid,Wait
581,Uptrend,Akumulasi,Tinggi,Kuat Bid,Buy
582,Downtrend,Distribusi,Tinggi,Kuat Bid,Buy
583,Uptrend,Akumulasi,Tinggi,Kuat Offer,Buy
584,Sideways,Netral,Tinggi,Kuat Bid,Buy
585,Uptrend,Distribusi,Tinggi,Kuat Offer,Buy
586,Uptrend,Distribusi,Rendah,Kuat Bid,Buy
587,Downtrend,Distribusi,Tinggi,Kuat Bid,Buy
588,Downtrend,Distribusi,Rendah,Kuat Bid,Wait
589,Sideways,Netral,Rendah,Kuat Offer,Wait
590,Sideways,Distribusi,Tinggi,Kuat Offer,Wait
591,Downtrend,Akumulasi,Rendah,Kuat Offer,Wait
592,Uptrend,Netral,Tinggi,Kuat Offer,Buy
593,Uptrend,Distribusi,Rendah,Kuat Bid,Buy
594,Sideways,Netral,Rendah,Kuat Offer,Wait
595,Sideways,Akumulasi,Tinggi,Kuat Bid,Buy
596,Uptrend,Distribusi,Rendah,Kuat Bid,Buy
597,Sideways,Netral,Rendah,Kuat Offer,Wait
598,Downtrend,Distribusi,Tinggi,Kuat Bid,Buy
599,Uptrend,Akumulasi,Rendah,Kuat Bid,Buy
600,Downtrend,Akumulasi,Tinggi,Kuat Offer,Buy
601,Sideways,Akumulasi,Tinggi,Kuat Offer,Buy
602,Downtrend,Distribusi,Tinggi,Kuat Bid,Buy
603,Uptrend,Distribusi,Tinggi,Kuat Bid,Buy
604,Uptrend,Netral,Rendah,Kuat Bid,Buy
605,Uptrend,Distribusi,Tinggi,Kuat Bid,Buy
606,Sideways,Netral,Rendah,Kuat Offer,Wait
607,Sideways,Distribusi,Tinggi,Kuat Bid,Buy
608,Uptrend,Netral,Tinggi,Kuat Offer,Buy
609,Sideways,Netral,Rendah,Kuat Bid,Wait
610,Uptrend,Akumulasi,Tinggi,Kuat Offer,Buy
611,Downtrend,Akumulasi,Rendah,Kuat Bid,Buy
612,Uptrend,Akumulasi,Tinggi,Kuat Bid,Buy
613,Uptrend,Netral,Rendah,Kuat Offer,Wait
614,Uptrend,Netral,Rendah,Kuat Bid,Buy
615,Uptrend,Netral,Tinggi,Kuat Bid,Buy
616,Sideways,Akumulasi,Rendah,Kuat Offer,Wait
617,Sideways,Netral,Rendah,Kuat Bid,Wait
618,Downtrend,Netral,Rendah,Kuat Offer,Wait
619,Downtrend,Distribusi,Tinggi,Kuat Offer,Wait
620,Uptrend,Netral,Rendah,Kuat Bid,Buy
621,Sideways,Akumulasi,Tinggi,Kuat Bid,Buy
622,Sideways,Distribusi,Rendah,Kuat Bid,Wait
623,Uptrend,Akumulasi,Tinggi,Kuat Bid,Buy
624,Downtrend,Netral,Rendah,Kuat Offer,Wait
625,Uptrend,Distribusi,Rendah,Kuat Bid,Buy
626,Downtrend,Akumulasi,Rendah,Kuat Offer,Wait
627,Downtrend,Distribusi,Tinggi,Kuat Offer,Wait
628,Uptrend,Netral,Tinggi,Kuat Offer,Buy
629,Downtrend,Netral,Rendah,Kuat Offer,Wait
630,Uptrend,Netral,Rendah,Kuat Bid,Buy
631,Downtrend,Distribusi,Rendah,Kuat Bid,Wait
632,Sideways,Netral,Tinggi,Kuat Bid,Buy
633,Sideways,Netral,Rendah,Kuat Offer,Wait
634,Uptrend,Distribusi,Tinggi,Kuat Offer,Buy
635,Sideways,Netral,Rendah,Kuat Bid,Wait
636,Downtrend,Distribusi,Rendah,Kuat Offer,Wait
637,Sideways,Akumulasi,Rendah,Kuat Bid,Buy
638,Sideways,Netral,Rendah,Kuat Bid,Wait
639,Downtrend,Netral,Tinggi,Kuat Offer,Wait
640,Downtrend,Distribusi,Tinggi,Kuat Bid,Buy
641,Sideways,Distribusi,Tinggi,Kuat Bid,Buy
642,Uptrend,Akumulasi,Tinggi,Kuat Offer,Buy
643,Downtrend,Netral,Rendah,Kuat Offer,Wait
644,Downtrend,Distribusi,Tinggi,Kuat Offer,Wait
645,Uptrend,Distribusi,Rendah,Kuat Offer,Wait
646,Downtrend,Akumulasi,Tinggi,Kuat Offer,Buy
647,Downtrend,Distribusi,Tinggi,Kuat Bid,Buy
648,Sideways,Netral,Rendah,Kuat Offer,Wait
649,Uptrend,Distribusi,Tinggi,Kuat Offer,Buy
650,Sideways,Netral,Tinggi,Kuat Bid,Buy
651,Uptrend,Netral,Tinggi,Kuat Offer,Buy
652,Sideways,Distribusi,Tinggi,Kuat Offer,Wait
653,Downtrend,Distribusi,Rendah,Kuat Bid,Wait
654,Uptrend,Akumulasi,Tinggi,Kuat Offer,Buy
655,Uptrend,Akumulasi,Tinggi,Kuat Bid,Buy
656,Uptrend,Netral,Rendah,Kuat Bid,Buy
657,Downtrend,Distribusi,Rendah,Kuat Offer,Wait
658,Downtrend,Distribusi,Rendah,Kuat Offer,Wait
659,Uptrend,Netral,Rendah,Kuat Offer,Wait
660,Uptrend,Distribusi,Tinggi,Kuat Offer,Buy
661,Downtrend,Netral,Tinggi,Kuat Bid,Buy
662,Downtrend,Akumulasi,Tinggi,Kuat Bid,Buy
663,Sideways,Akumulasi,Tinggi,Kuat Offer,Buy
664,Downtrend,Netral,Tinggi,Kuat Offer,Wait
665,Downtrend,Netral,Rendah,Kuat Offer,Wait
666,Downtrend,Netral,Tinggi,Kuat Offer,Wait
667,Sideways,Akumulasi,Tinggi,Kuat Offer,Buy
668,Sideways,Akumulasi,Tinggi,Kuat Bid,Buy
669,Downtrend,Netral,Tinggi,Kuat Bid,Buy
670,Downtrend,Distribusi,Rendah,Kuat Offer,Wait
671,Downtrend,Netral,Rendah,Kuat Offer,Wait
672,Sideways,Akumulasi,Rendah,Kuat Offer,Wait
673,Downtrend,Netral,Rendah,Kuat Offer,Wait
674,Uptrend,Akumulasi,Rendah,Kuat Offer,Buy
675,Sideways,Akumulasi,Tinggi,Kuat Offer,Buy
676,Downtrend,Distribusi,Rendah,Kuat Offer,Wait
677,Sideways,Akumulasi,Tinggi,Kuat Offer,Buy
678,Downtrend,Netral,Tinggi,Kuat Bid,Buy
679,Downtrend,Netral,Tinggi,Kuat Offer,Wait
680,Downtrend,Akumulasi,Tinggi,Kuat Bid,Buy
681,Downtrend,Netral,Tinggi,Kuat Offer,Wait
682,Downtrend,Distribusi,Rendah,Kuat Offer,Wait
683,Uptrend,Netral,Rendah,Kuat Offer,Wait
684,Sideways,Akumulasi,Tinggi,Kuat Bid,Buy
685,Downtrend,Akumulasi,Rendah,Kuat Bid,Buy
686,Sideways,Akumulasi,Rendah,Kuat Offer,Wait
687,Downtrend,Akumulasi,Rendah,Kuat Offer,Wait
688,Sideways,Akumulasi,Rendah,Kuat Offer,Wait
689,Downtrend,Akumulasi,Rendah,Kuat Offer,Wait
690,Sideways,Netral,Tinggi,Kuat Bid,Buy
691,Sideways,Akumulasi,Tinggi,Kuat Offer,Buy
692,Uptrend,Distribusi,Rendah,Kuat Bid,Buy
693,Uptrend,Distribusi,Tinggi,Kuat Offer,Buy
694,Uptrend,Akumulasi,Tinggi,Kuat Bid,Buy
695,Downtrend,Akumulasi,Tinggi,Kuat Offer,Buy
696,Uptrend,Distribusi,Rendah,Kuat Bid,Buy
697,Sideways,Distribusi,Rendah,Kuat Bid,Wait
698,Downtrend,Netral,Tinggi,Kuat Bid,Buy
699,Uptrend,Distribusi,Rendah,Kuat Offer,Wait
700,Downtrend,Distribusi,Rendah,Kuat Bid,Wait
701,Sideways,Netral,Tinggi,Kuat Offer,Wait
702,Uptrend,Distribusi,Rendah,Kuat Offer,Wait
703,Uptrend,Netral,Tinggi,Kuat Offer,Buy
704,Uptrend,Akumulasi,Rendah,Kuat Offer,Buy
705,Sideways,Akumulasi,Rendah,Kuat Offer,Wait
706,Uptrend,Netral,Tinggi,Kuat Bid,Buy
707,Downtrend,Distribusi,Tinggi,Kuat Offer,Wait
708,Downtrend,Distribusi,Tinggi,Kuat Offer,Wait
709,Uptrend,Distribusi,Rendah,Kuat Offer,Wait
710,Sideways,Distribusi,Tinggi,Kuat Offer,Wait
711,Uptrend,Netral,Tinggi,Kuat Bid,Buy
712,Sideways,Distribusi,Tinggi,Kuat Bid,Buy
713,Uptrend,Akumulasi,Tinggi,Kuat Offer,Buy
714,Sideways,Distribusi,Rendah,Kuat Offer,Wait
715,Downtrend,Netral,Tinggi,Kuat Offer,Wait
716,Sideways,Netral,Rendah,Kuat Bid,Wait
717,Downtrend,Akumulasi,Tinggi,Kuat Bid,Buy
718,Uptrend,Netral,Rendah,Kuat Offer,Wait
719,Uptrend,Distribusi,Tinggi,Kuat Offer,Buy
720,Sideways,Distribusi,Rendah,Kuat Bid,Wait
721,Sideways,Distribusi,Tinggi,Kuat Offer,Wait
722,Uptrend,Netral,Tinggi,Kuat Bid,Buy
723,Uptrend,Netral,Rendah,Kuat Bid,Buy
724,Sideways,Netral,Tinggi,Kuat Offer,Wait
725,Uptrend,Akumulasi,Tinggi,Kuat Offer,Buy
726,Sideways,Netral,Rendah,Kuat Offer,Wait
727,Downtrend,Distribusi,Tinggi,Kuat Bid,Buy
728,Sideways,Netral,Tinggi,Kuat Bid,Buy
729,Downtrend,Akumulasi,Tinggi,Kuat Bid,Buy
730,Downtrend,Distribusi,Rendah,Kuat Offer,Wait
731,Sideways,Netral,Rendah,Kuat Bid,Wait
732,Downtrend,Distribusi,Rendah,Kuat Offer,Wait
733,Uptrend,Netral,Rendah,Kuat Bid,Buy
734,Uptrend,Akumulasi,Rendah,Kuat Bid,Buy
735,Downtrend,Akumulasi,Tinggi,Kuat Bid,Buy
736,Sideways,Netral,Rendah,Kuat Offer,Wait
737,Downtrend,Distribusi,Rendah,Kuat Offer,Wait
738,Sideways,Distribusi,Tinggi,Kuat Bid,Buy
739,Uptrend,Netral,Rendah,Kuat Bid,Buy
740,Sideways,Distribusi,Rendah,Kuat Bid,Wait
741,Sideways,Netral,Tinggi,Kuat Bid,Buy
742,Uptrend,Akumulasi,Tinggi,Kuat Bid,Buy
743,Sideways,Akumulasi,Tinggi,Kuat Offer,Buy
744,Sideways,Akumulasi,Rendah,Kuat Offer,Wait
745,Downtrend,Distribusi,Tinggi,Kuat Bid,Buy
746,Sideways,Netral,Tinggi,Kuat Offer,Wait
747,Uptrend,Distribusi,Tinggi,Kuat Offer,Buy
748,Sideways,Akumulasi,Tinggi,Kuat Offer,Buy
749,Downtrend,Netral,Tinggi,Kuat Bid,Buy
750,Downtrend,Netral,Rendah,Kuat Offer,Wait
751,Uptrend,Distribusi,Rendah,Kuat Offer,Wait
752,Uptrend,Akumulasi,Tinggi,Kuat Bid,Buy
753,Downtrend,Akumulasi,Tinggi,Kuat Offer,Buy
754,Uptrend,Distribusi,Tinggi,Kuat Offer,Buy
755,Downtrend,Distribusi,Rendah,Kuat Offer,Wait
756,Uptrend,Netral,Tinggi,Kuat Offer,Buy
757,Sideways,Netral,Tinggi,Kuat Bid,Buy
758,Uptrend,Distribusi,Rendah,Kuat Bid,Buy
759,Sideways,Akumulasi,Rendah,Kuat Offer,Wait
760,Uptrend,Akumulasi,Rendah,Kuat Offer,Buy
761,Downtrend,Akumulasi,Tinggi,Kuat Offer,Buy
762,Uptrend,Distribusi,Rendah,Kuat Offer,Wait
763,Downtrend,Akumulasi,Tinggi,Kuat Offer,Buy
764,Downtrend,Distribusi,Tinggi,Kuat Offer,Wait
765,Sideways,Distribusi,Tinggi,Kuat Offer,Wait
766,Downtrend,Akumulasi,Tinggi,Kuat Bid,Buy
767,Uptrend,Netral,Tinggi,Kuat Offer,Buy
768,Sideways,Netral,Tinggi,Kuat Offer,Wait
769,Uptrend,Akumulasi,Rendah,Kuat Offer,Buy
770,Uptrend,Netral,Tinggi,Kuat Offer,Buy
771,Sideways,Distribusi,Tinggi,Kuat Offer,Wait
772,Downtrend,Akumulasi,Tinggi,Kuat Bid,Buy
773,Downtrend,Akumulasi,Tinggi,Kuat Bid,Buy
774,Uptrend,Distribusi,Tinggi,Kuat Offer,Buy
775,Uptrend,Netral,Rendah,Kuat Offer,Wait
776,Downtrend,Distribusi,Rendah,Kuat Offer,Wait
777,Sideways,Netral,Rendah,Kuat Bid,Wait
778,Uptrend,Akumulasi,Rendah,Kuat Offer,Buy
779,Uptrend,Akumulasi,Rendah,Kuat Offer,Buy
780,Downtrend,Akumulasi,Tinggi,Kuat Bid,Buy
781,Uptrend,Distribusi,Tinggi,Kuat Offer,Buy
782,Downtrend,Akumulasi,Tinggi,Kuat Offer,Buy
783,Downtrend,Distribusi,Rendah,Kuat Offer,Wait
784,Uptrend,Netral,Rendah,Kuat Bid,Buy
785,Downtrend,Netral,Tinggi,Kuat Bid,Buy
786,Uptrend,Akumulasi,Tinggi,Kuat Offer,Buy
787,Downtrend,Netral,Tinggi,Kuat Offer,Wait
788,Uptrend,Netral,Rendah,Kuat Offer,Wait
789,Downtrend,Distribusi,Rendah,Kuat Offer,Wait
790,Downtrend,Akumulasi,Rendah,Kuat Bid,Buy
791,Uptrend,Distribusi,Tinggi,Kuat Offer,Buy
792,Sideways,Netral,Rendah,Kuat Bid,Wait
793,Downtrend,Distribusi,Rendah,Kuat Offer,Wait
794,Uptrend,Akumulasi,Tinggi,Kuat Bid,Buy
795,Uptrend,Distribusi,Rendah,Kuat Bid,Buy
796,Sideways,Akumulasi,Rendah,Kuat Bid,Buy
797,Uptrend,Akumulasi,Tinggi,Kuat Bid,Buy
798,Downtrend,Netral,Tinggi,Kuat Bid,Buy
799,Downtrend,Netral,Tinggi,Kuat Bid,Buy
800,Downtrend,Distribusi,Rendah,Kuat Offer,Wait
801,Downtrend,Netral,Tinggi,Kuat Bid,Buy
802,Sideways,Akumulasi,Tinggi,Kuat Bid,Buy
803,Downtrend,Netral,Rendah,Kuat Offer,Wait
804,Sideways,Netral,Tinggi,Kuat Bid,Buy
805,Uptrend,Netral,Rendah,Kuat Offer,Wait
806,Sideways,Akumulasi,Rendah,Kuat Bid,Buy
807,Downtrend,Netral,Rendah,Kuat Bid,Wait
808,Downtrend,Akumulasi,Tinggi,Kuat Bid,Buy
809,Sideways,Distribusi,Rendah,Kuat Offer,Wait
810,Downtrend,Distribusi,Tinggi,Kuat Offer,Wait
811,Downtrend,Distribusi,Rendah,Kuat Offer,Wait
812,Downtrend,Distribusi,Rendah,Kuat Offer,Wait
813,Sideways,Netral,Tinggi,Kuat Bid,Buy
814,Uptrend,Akumulasi,Tinggi,Kuat Bid,Buy
815,Uptrend,Akumulasi,Rendah,Kuat Bid,Buy
816,Downtrend,Netral,Tinggi,Kuat Offer,Wait
817,Downtrend,Distribusi,Tinggi,Kuat Offer,Wait
818,Uptrend,Akumulasi,Tinggi,Kuat Bid,Buy
819,Uptrend,Distribusi,Rendah,Kuat Offer,Wait
820,Uptrend,Distribusi,Rendah,Kuat Offer,Wait
821,Sideways,Akumulasi,Tinggi,Kuat Offer,Buy
822,Downtrend,Distribusi,Rendah,Kuat Offer,Wait
823,Uptrend,Netral,Tinggi,Kuat Bid,Buy
824,Downtrend,Distribusi,Rendah,Kuat Offer,Wait
825,Uptrend,Netral,Tinggi,Kuat Offer,Buy
826,Sideways,Netral,Rendah,Kuat Bid,Wait
827,Downtrend,Netral,Rendah,Kuat Bid,Wait
828,Sideways,Akumulasi,Rendah,Kuat Bid,Buy
829,Downtrend,Netral,Rendah,Kuat Bid,Wait
830,Downtrend,Netral,Tinggi,Kuat Offer,Wait
831,Uptrend,Akumulasi,Tinggi,Kuat Offer,Buy
832,Sideways,Distribusi,Tinggi,Kuat Bid,Buy
833,Uptrend,Distribusi,Tinggi,Kuat Offer,Buy
834,Uptrend,Netral,Tinggi,Kuat Bid,Buy
835,Sideways,Akumulasi,Tinggi,Kuat Offer,Buy
836,Uptrend,Akumulasi,Tinggi,Kuat Bid,Buy
837,Downtrend,Netral,Rendah,Kuat Offer,Wait
838,Downtrend,Netral,Rendah,Kuat Offer,Wait
839,Downtrend,Distribusi,Tinggi,Kuat Offer,Wait
840,Downtrend,Netral,Tinggi,Kuat Bid,Buy
841,Downtrend,Akumulasi,Tinggi,Kuat Offer,Buy
842,Uptrend,Distribusi,Tinggi,Kuat Bid,Buy
843,Downtrend,Akumulasi,Rendah,Kuat Bid,Buy
844,Uptrend,Netral,Rendah,Kuat Bid,Buy
845,Downtrend,Distribusi,Rendah,Kuat Bid,Wait
846,Downtrend,Akumulasi,Rendah,Kuat Offer,Wait
847,Uptrend,Netral,Rendah,Kuat Offer,Wait
848,Uptrend,Distribusi,Rendah,Kuat Offer,Wait
849,Sideways,Netral,Tinggi,Kuat Bid,Buy
850,Sideways,Distribusi,Tinggi,Kuat Offer,Wait
851,Sideways,Distribusi,Tinggi,Kuat Offer,Wait
852,Sideways,Netral,Tinggi,Kuat Offer,Wait
853,Uptrend,Akumulasi,Tinggi,Kuat Offer,Buy
854,Sideways,Akumulasi,Rendah,Kuat Offer,Wait
855,Sideways,Distribusi,Rendah,Kuat Offer,Wait
856,Uptrend,Distribusi,Rendah,Kuat Offer,Wait
857,Downtrend,Akumulasi,Rendah,Kuat Offer,Wait
858,Sideways,Distribusi,Rendah,Kuat Offer,Wait
859,Sideways,Akumulasi,Rendah,Kuat Bid,Buy
860,Sideways,Netral,Rendah,Kuat Bid,Wait
861,Sideways,Akumulasi,Rendah,Kuat Offer,Wait
862,Sideways,Distribusi,Rendah,Kuat Offer,Wait
863,Uptrend,Akumulasi,Tinggi,Kuat Offer,Buy
864,Sideways,Akumulasi,Rendah,Kuat Bid,Buy
865,Sideways,Netral,Tinggi,Kuat Offer,Wait
866,Uptrend,Netral,Tinggi,Kuat Bid,Buy
867,Uptrend,Netral,Tinggi,Kuat Offer,Buy
868,Downtrend,Distribusi,Rendah,Kuat Bid,Wait
869,Sideways,Distribusi,Rendah,Kuat Offer,Wait
870,Downtrend,Akumulasi,Tinggi,Kuat Bid,Buy
871,Sideways,Netral,Rendah,Kuat Offer,Wait
872,Sideways,Distribusi,Tinggi,Kuat Offer,Wait
873,Downtrend,Distribusi,Rendah,Kuat Offer,Wait
874,Sideways,Netral,Rendah,Kuat Offer,Wait
875,Downtrend,Distribusi,Tinggi,Kuat Offer,Wait
876,Sideways,Netral,Rendah,Kuat Offer,Wait
877,Downtrend,Netral,Rendah,Kuat Offer,Wait
878,Sideways,Netral,Tinggi,Kuat Bid,Buy
879,Uptrend,Distribusi,Tinggi,Kuat Offer,Buy
880,Sideways,Distribusi,Tinggi,Kuat Offer,Wait
881,Sideways,Netral,Tinggi,Kuat Bid,Buy
882,Uptrend,Akumulasi,Tinggi,Kuat Bid,Buy
883,Sideways,Distribusi,Tinggi,Kuat Offer,Wait
884,Uptrend,Akumulasi,Rendah,Kuat Offer,Buy
885,Uptrend,Netral,Tinggi,Kuat Bid,Buy
886,Sideways,Netral,Rendah,Kuat Bid,Wait
887,Uptrend,Akumulasi,Rendah,Kuat Bid,Buy
888,Downtrend,Akumulasi,Tinggi,Kuat Offer,Buy
889,Sideways,Netral,Tinggi,Kuat Bid,Buy
890,Uptrend,Netral,Rendah,Kuat Offer,Wait
891,Uptrend,Akumulasi,Tinggi,Kuat Bid,Buy
892,Sideways,Distribusi,Rendah,Kuat Offer,Wait
893,Downtrend,Distribusi,Tinggi,Kuat Bid,Buy
894,Sideways,Distribusi,Tinggi,Kuat Offer,Wait
895,Uptrend,Netral,Tinggi,Kuat Bid,Buy
896,Uptrend,Distribusi,Rendah,Kuat Offer,Wait
897,Sideways,Akumulasi,Rendah,Kuat Bid,Buy
898,Sideways,Distribusi,Tinggi,Kuat Bid,Buy
899,Uptrend,Distribusi,Rendah,Kuat Bid,Buy
900,Sideways,Distribusi,Rendah,Kuat Bid,Wait
901,Downtrend,Akumulasi,Rendah,Kuat Bid,Buy
902,Uptrend,Distribusi,Rendah,Kuat Offer,Wait
903,Downtrend,Akumulasi,Tinggi,Kuat Offer,Buy
904,Downtrend,Distribusi,Tinggi,Kuat Offer,Wait
905,Uptrend,Distribusi,Rendah,Kuat Bid,Buy
906,Uptrend,Akumulasi,Tinggi,Kuat Bid,Buy
907,Sideways,Distribusi,Rendah,Kuat Bid,Wait
908,Sideways,Distribusi,Tinggi,Kuat Offer,Wait
909,Uptrend,Distribusi,Tinggi,Kuat Bid,Buy
910,Sideways,Distribusi,Tinggi,Kuat Offer,Wait
911,Uptrend,Distribusi,Tinggi,Kuat Bid,Buy
912,Sideways,Akumulasi,Rendah,Kuat Offer,Wait
913,Sideways,Netral,Rendah,Kuat Bid,Wait
914,Uptrend,Akumulasi,Rendah,Kuat Offer,Buy
915,Downtrend,Netral,Rendah,Kuat Bid,Wait
916,Downtrend,Netral,Rendah,Kuat Offer,Wait
917,Downtrend,Distribusi,Tinggi,Kuat Bid,Buy
918,Downtrend,Distribusi,Tinggi,Kuat Offer,Wait
919,Downtrend,Akumulasi,Tinggi,Kuat Bid,Buy
920,Sideways,Distribusi,Rendah,Kuat Offer,Wait
921,Uptrend,Netral,Tinggi,Kuat Bid,Buy
922,Sideways,Netral,Rendah,Kuat Offer,Wait
923,Uptrend,Netral,Tinggi,Kuat Bid,Buy
924,Uptrend,Netral,Tinggi,Kuat Bid,Buy
925,Uptrend,Distribusi,Rendah,Kuat Bid,Buy
926,Downtrend,Netral,Rendah,Kuat Bid,Wait
927,Sideways,Akumulasi,Rendah,Kuat Bid,Buy
928,Uptrend,Akumulasi,Tinggi,Kuat Offer,Buy
929,Sideways,Akumulasi,Tinggi,Kuat Bid,Buy
930,Sideways,Distribusi,Tinggi,Kuat Bid,Buy
931,Uptrend,Netral,Rendah,Kuat Offer,Wait
932,Uptrend,Distribusi,Tinggi,Kuat Offer,Buy
933,Sideways,Akumulasi,Rendah,Kuat Offer,Wait
934,Downtrend,Netral,Rendah,Kuat Offer,Wait
935,Downtrend,Distribusi,Tinggi,Kuat Offer,Wait
936,Uptrend,Netral,Rendah,Kuat Bid,Buy
937,Uptrend,Netral,Tinggi,Kuat Offer,Buy
938,Downtrend,Distribusi,Tinggi,Kuat Offer,Wait
939,Uptrend,Distribusi,Tinggi,Kuat Offer,Buy
940,Downtrend,Akumulasi,Tinggi,Kuat Offer,Buy
941,Downtrend,Netral,Rendah,Kuat Offer,Wait
942,Downtrend,Akumulasi,Rendah,Kuat Offer,Wait
943,Uptrend,Netral,Tinggi,Kuat Bid,Buy
944,Uptrend,Netral,Rendah,Kuat Bid,Buy
945,Uptrend,Distribusi,Tinggi,Kuat Bid,Buy
946,Uptrend,Akumulasi,Rendah,Kuat Bid,Buy
947,Uptrend,Distribusi,Tinggi,Kuat Bid,Buy
948,Uptrend,Netral,Rendah,Kuat Bid,Buy
949,Sideways,Akumulasi,Tinggi,Kuat Offer,Buy
950,Downtrend,Distribusi,Rendah,Kuat Offer,Wait
951,Sideways,Distribusi,Rendah,Kuat Offer,Wait
952,Sideways,Akumulasi,Rendah,Kuat Offer,Wait
953,Downtrend,Akumulasi,Tinggi,Kuat Bid,Buy
954,Uptrend,Akumulasi,Rendah,Kuat Bid,Buy
955,Downtrend,Distribusi,Tinggi,Kuat Bid,Buy
956,Sideways,Akumulasi,Rendah,Kuat Bid,Buy
957,Sideways,Netral,Tinggi,Kuat Offer,Wait
958,Sideways,Netral,Tinggi,Kuat Offer,Wait
959,Uptrend,Netral,Tinggi,Kuat Offer,Buy
960,Uptrend,Distribusi,Tinggi,Kuat Offer,Buy
961,Downtrend,Netral,Tinggi,Kuat Bid,Buy
962,Uptrend,Distribusi,Rendah,Kuat Offer,Wait
963,Downtrend,Akumulasi,Tinggi,Kuat Offer,Buy
964,Sideways,Akumulasi,Rendah,Kuat Bid,Buy
965,Uptrend,Akumulasi,Tinggi,Kuat Offer,Buy
966,Sideways,Distribusi,Tinggi,Kuat Bid,Buy
967,Downtrend,Distribusi,Tinggi,Kuat Offer,Wait
968,Uptrend,Netral,Tinggi,Kuat Bid,Buy
969,Sideways,Netral,Rendah,Kuat Bid,Wait
970,Downtrend,Netral,Tinggi,Kuat Offer,Wait
971,Uptrend,Netral,Rendah,Kuat Bid,Buy
972,Downtrend,Akumulasi,Rendah,Kuat Offer,Wait
973,Sideways,Akumulasi,Tinggi,Kuat Bid,Buy
974,Downtrend,Netral,Rendah,Kuat Offer,Wait
975,Uptrend,Akumulasi,Tinggi,Kuat Bid,Buy
976,Sideways,Akumulasi,Tinggi,Kuat Offer,Buy
977,Uptrend,Distribusi,Rendah,Kuat Offer,Wait
978,Downtrend,Distribusi,Tinggi,Kuat Offer,Wait
979,Sideways,Akumulasi,Tinggi,Kuat Offer,Buy
980,Downtrend,Akumulasi,Rendah,Kuat Bid,Buy
981,Downtrend,Netral,Tinggi,Kuat Offer,Wait
982,Sideways,Distribusi,Rendah,Kuat Offer,Wait
983,Downtrend,Netral,Tinggi,Kuat Offer,Wait
984,Uptrend,Netral,Rendah,Kuat Bid,Buy
985,Sideways,Distribusi,Tinggi,Kuat Bid,Buy
986,Downtrend,Netral,Rendah,Kuat Bid,Wait
987,Uptrend,Distribusi,Tinggi,Kuat Bid,Buy
988,Sideways,Akumulasi,Rendah,Kuat Offer,Wait
989,Uptrend,Distribusi,Tinggi,Kuat Bid,Buy
990,Uptrend,Akumulasi,Tinggi,Kuat Offer,Buy
991,Uptrend,Akumulasi,Rendah,Kuat Offer,Buy
992,Sideways,Distribusi,Rendah,Kuat Bid,Wait
993,Downtrend,Distribusi,Rendah,Kuat Offer,Wait
994,Sideways,Akumulasi,Rendah,Kuat Offer,Wait
995,Downtrend,Netral,Tinggi,Kuat Bid,Buy
996,Uptrend,Distribusi,Rendah,Kuat Bid,Buy
997,Downtrend,Akumulasi,Rendah,Kuat Bid,Buy
998,Downtrend,Akumulasi,Tinggi,Kuat Bid,Buy
999,Uptrend,Netral,Tinggi,Kuat Bid,Buy
1000,Uptrend,Akumulasi,Tinggi,Kuat Bid,Buy
